{"0": {"train_loss": 2.4987, "test_loss": 2.4631, "run_time": 11.513360738754272, "acc": 0.4749}, "1": {"train_loss": 2.383, "test_loss": 2.4156, "run_time": 11.466826915740967, "acc": 0.48}, "2": {"train_loss": 2.3157, "test_loss": 2.3944, "run_time": 11.547738075256348, "acc": 0.4813}, "3": {"train_loss": 2.2699, "test_loss": 2.3825, "run_time": 11.6097731590271, "acc": 0.4824}, "4": {"train_loss": 2.2363, "test_loss": 2.3753, "run_time": 11.284195184707642, "acc": 0.4835}, "5": {"train_loss": 2.2104, "test_loss": 2.3706, "run_time": 11.405066013336182, "acc": 0.4832}, "6": {"train_loss": 2.1897, "test_loss": 2.3676, "run_time": 11.351564884185791, "acc": 0.484}, "7": {"train_loss": 2.1728, "test_loss": 2.3656, "run_time": 11.306927919387817, "acc": 0.4837}, "8": {"train_loss": 2.1586, "test_loss": 2.3644, "run_time": 11.28732180595398, "acc": 0.4838}, "9": {"train_loss": 2.1465, "test_loss": 2.3637, "run_time": 11.375266075134277, "acc": 0.4847}, "10": {"train_loss": 2.1361, "test_loss": 2.3634, "run_time": 11.505481958389282, "acc": 0.4845}, "11": {"train_loss": 2.1271, "test_loss": 2.3634, "run_time": 11.332746982574463, "acc": 0.4845}, "12": {"train_loss": 2.1192, "test_loss": 2.3637, "run_time": 11.370827913284302, "acc": 0.4846}, "13": {"train_loss": 2.1122, "test_loss": 2.3642, "run_time": 12.804900169372559, "acc": 0.4855}, "14": {"train_loss": 2.106, "test_loss": 2.3647, "run_time": 11.522213220596313, "acc": 0.4856}, "15": {"train_loss": 2.1004, "test_loss": 2.3655, "run_time": 11.409550189971924, "acc": 0.4857}, "16": {"train_loss": 2.0954, "test_loss": 2.3663, "run_time": 11.367662191390991, "acc": 0.4858}, "17": {"train_loss": 2.0909, "test_loss": 2.3671, "run_time": 11.435941934585571, "acc": 0.4852}, "18": {"train_loss": 2.0868, "test_loss": 2.3681, "run_time": 11.642202138900757, "acc": 0.4846}, "19": {"train_loss": 2.0831, "test_loss": 2.3691, "run_time": 11.595182180404663, "acc": 0.4846}, "20": {"train_loss": 2.0797, "test_loss": 2.3701, "run_time": 11.221961975097656, "acc": 0.4844}, "21": {"train_loss": 2.0766, "test_loss": 2.3711, "run_time": 11.410943031311035, "acc": 0.4844}, "22": {"train_loss": 2.0738, "test_loss": 2.3722, "run_time": 11.371568202972412, "acc": 0.4842}, "23": {"train_loss": 2.0712, "test_loss": 2.3733, "run_time": 11.301095962524414, "acc": 0.4843}, "24": {"train_loss": 2.0688, "test_loss": 2.3744, "run_time": 11.512820959091187, "acc": 0.4842}, "25": {"train_loss": 2.0665, "test_loss": 2.3756, "run_time": 11.398279905319214, "acc": 0.4843}, "26": {"train_loss": 2.0645, "test_loss": 2.3767, "run_time": 11.485843896865845, "acc": 0.4841}, "27": {"train_loss": 2.0626, "test_loss": 2.3779, "run_time": 11.451462268829346, "acc": 0.4846}, "28": {"train_loss": 2.0608, "test_loss": 2.379, "run_time": 11.39814829826355, "acc": 0.4846}, "29": {"train_loss": 2.0591, "test_loss": 2.3802, "run_time": 11.586541175842285, "acc": 0.4847}}