{"0": {"train_loss": 1.42, "test_loss": 1.4517, "run_time": 11.56328558921814, "acc": 0.47}, "1": {"train_loss": 1.3882, "test_loss": 1.4182, "run_time": 12.400141954421997, "acc": 0.4866}, "2": {"train_loss": 1.3637, "test_loss": 1.3954, "run_time": 12.255155086517334, "acc": 0.4969}, "3": {"train_loss": 1.3439, "test_loss": 1.3778, "run_time": 12.29419207572937, "acc": 0.5031}, "4": {"train_loss": 1.3274, "test_loss": 1.3636, "run_time": 12.21256709098816, "acc": 0.5079}, "5": {"train_loss": 1.3132, "test_loss": 1.3517, "run_time": 12.288373947143555, "acc": 0.5109}, "6": {"train_loss": 1.3008, "test_loss": 1.3415, "run_time": 12.79653000831604, "acc": 0.514}, "7": {"train_loss": 1.2897, "test_loss": 1.3325, "run_time": 12.302043914794922, "acc": 0.5169}, "8": {"train_loss": 1.2796, "test_loss": 1.3247, "run_time": 12.32678508758545, "acc": 0.5185}, "9": {"train_loss": 1.2704, "test_loss": 1.3176, "run_time": 12.29397988319397, "acc": 0.521}, "10": {"train_loss": 1.2619, "test_loss": 1.3113, "run_time": 12.340769052505493, "acc": 0.5226}, "11": {"train_loss": 1.2541, "test_loss": 1.3055, "run_time": 12.35834288597107, "acc": 0.5241}, "12": {"train_loss": 1.2468, "test_loss": 1.3002, "run_time": 12.37720799446106, "acc": 0.5248}, "13": {"train_loss": 1.24, "test_loss": 1.2954, "run_time": 12.342437267303467, "acc": 0.5268}, "14": {"train_loss": 1.2336, "test_loss": 1.2909, "run_time": 12.128298044204712, "acc": 0.5279}, "15": {"train_loss": 1.2276, "test_loss": 1.2867, "run_time": 12.478770017623901, "acc": 0.5283}, "16": {"train_loss": 1.2219, "test_loss": 1.2829, "run_time": 12.50203800201416, "acc": 0.5295}, "17": {"train_loss": 1.2165, "test_loss": 1.2792, "run_time": 12.313764095306396, "acc": 0.5309}, "18": {"train_loss": 1.2114, "test_loss": 1.2759, "run_time": 12.30436086654663, "acc": 0.5326}, "19": {"train_loss": 1.2065, "test_loss": 1.2727, "run_time": 12.25925898551941, "acc": 0.5329}, "20": {"train_loss": 1.2018, "test_loss": 1.2697, "run_time": 12.42069411277771, "acc": 0.5334}, "21": {"train_loss": 1.1974, "test_loss": 1.2669, "run_time": 12.413508176803589, "acc": 0.534}, "22": {"train_loss": 1.1931, "test_loss": 1.2642, "run_time": 12.178215026855469, "acc": 0.5342}, "23": {"train_loss": 1.189, "test_loss": 1.2616, "run_time": 12.291911840438843, "acc": 0.5348}, "24": {"train_loss": 1.1851, "test_loss": 1.2592, "run_time": 12.235698223114014, "acc": 0.5348}, "25": {"train_loss": 1.1813, "test_loss": 1.2569, "run_time": 12.412198781967163, "acc": 0.5356}, "26": {"train_loss": 1.1776, "test_loss": 1.2548, "run_time": 12.325560092926025, "acc": 0.5363}, "27": {"train_loss": 1.174, "test_loss": 1.2527, "run_time": 12.341885089874268, "acc": 0.5363}, "28": {"train_loss": 1.1706, "test_loss": 1.2507, "run_time": 12.341384887695312, "acc": 0.5367}, "29": {"train_loss": 1.1672, "test_loss": 1.2488, "run_time": 12.209918975830078, "acc": 0.5372}}