{"0": {"train_loss": 2.6188, "test_loss": 2.6817, "run_time": 12.520031929016113, "acc": 0.4703}, "1": {"train_loss": 2.5234, "test_loss": 2.6008, "run_time": 11.90522289276123, "acc": 0.4752}, "2": {"train_loss": 2.4709, "test_loss": 2.5563, "run_time": 11.83019495010376, "acc": 0.4782}, "3": {"train_loss": 2.4338, "test_loss": 2.5262, "run_time": 11.744434118270874, "acc": 0.482}, "4": {"train_loss": 2.4047, "test_loss": 2.504, "run_time": 11.864410161972046, "acc": 0.4832}, "5": {"train_loss": 2.3805, "test_loss": 2.4867, "run_time": 11.863502025604248, "acc": 0.4843}, "6": {"train_loss": 2.3597, "test_loss": 2.4726, "run_time": 11.94767427444458, "acc": 0.4843}, "7": {"train_loss": 2.3414, "test_loss": 2.4609, "run_time": 12.028036117553711, "acc": 0.4856}, "8": {"train_loss": 2.3249, "test_loss": 2.4509, "run_time": 11.62920594215393, "acc": 0.4867}, "9": {"train_loss": 2.3099, "test_loss": 2.4423, "run_time": 11.74845290184021, "acc": 0.4877}, "10": {"train_loss": 2.2961, "test_loss": 2.4348, "run_time": 10.989555835723877, "acc": 0.4886}, "11": {"train_loss": 2.2834, "test_loss": 2.4282, "run_time": 11.83265495300293, "acc": 0.489}, "12": {"train_loss": 2.2716, "test_loss": 2.4223, "run_time": 11.880567073822021, "acc": 0.49}, "13": {"train_loss": 2.2605, "test_loss": 2.4169, "run_time": 11.696630954742432, "acc": 0.4902}, "14": {"train_loss": 2.2502, "test_loss": 2.4121, "run_time": 11.897444725036621, "acc": 0.4901}, "15": {"train_loss": 2.2404, "test_loss": 2.4078, "run_time": 11.80911898612976, "acc": 0.4905}, "16": {"train_loss": 2.2312, "test_loss": 2.4038, "run_time": 11.867325067520142, "acc": 0.4912}, "17": {"train_loss": 2.2226, "test_loss": 2.4001, "run_time": 11.944008111953735, "acc": 0.4917}, "18": {"train_loss": 2.2143, "test_loss": 2.3967, "run_time": 11.908105850219727, "acc": 0.492}, "19": {"train_loss": 2.2065, "test_loss": 2.3936, "run_time": 11.861796855926514, "acc": 0.4929}, "20": {"train_loss": 2.1991, "test_loss": 2.3907, "run_time": 11.864444017410278, "acc": 0.493}, "21": {"train_loss": 2.192, "test_loss": 2.3881, "run_time": 11.915266036987305, "acc": 0.4924}, "22": {"train_loss": 2.1853, "test_loss": 2.3856, "run_time": 11.87428879737854, "acc": 0.4922}, "23": {"train_loss": 2.1789, "test_loss": 2.3832, "run_time": 11.827026844024658, "acc": 0.4925}, "24": {"train_loss": 2.1727, "test_loss": 2.381, "run_time": 11.867175817489624, "acc": 0.493}, "25": {"train_loss": 2.1668, "test_loss": 2.379, "run_time": 11.926244258880615, "acc": 0.4935}, "26": {"train_loss": 2.1612, "test_loss": 2.3771, "run_time": 11.900903940200806, "acc": 0.4936}, "27": {"train_loss": 2.1557, "test_loss": 2.3753, "run_time": 12.575193881988525, "acc": 0.4933}, "28": {"train_loss": 2.1505, "test_loss": 2.3736, "run_time": 11.825143098831177, "acc": 0.4929}, "29": {"train_loss": 2.1455, "test_loss": 2.372, "run_time": 12.066317796707153, "acc": 0.4928}}