{"0": {"train_loss": 2.5507, "test_loss": 2.5324, "run_time": 11.621648073196411, "acc": 0.5053}, "1": {"train_loss": 2.4349, "test_loss": 2.4508, "run_time": 12.390176057815552, "acc": 0.5186}, "2": {"train_loss": 2.3605, "test_loss": 2.404, "run_time": 12.364161014556885, "acc": 0.5258}, "3": {"train_loss": 2.3057, "test_loss": 2.3724, "run_time": 12.288334846496582, "acc": 0.5316}, "4": {"train_loss": 2.2625, "test_loss": 2.3493, "run_time": 12.355843782424927, "acc": 0.5339}, "5": {"train_loss": 2.2266, "test_loss": 2.3315, "run_time": 12.406836032867432, "acc": 0.5369}, "6": {"train_loss": 2.1958, "test_loss": 2.3173, "run_time": 12.34963583946228, "acc": 0.5382}, "7": {"train_loss": 2.1687, "test_loss": 2.3057, "run_time": 12.346796035766602, "acc": 0.54}, "8": {"train_loss": 2.1444, "test_loss": 2.2961, "run_time": 12.35233473777771, "acc": 0.5413}, "9": {"train_loss": 2.1223, "test_loss": 2.288, "run_time": 12.437220096588135, "acc": 0.542}, "10": {"train_loss": 2.1021, "test_loss": 2.2811, "run_time": 12.351283073425293, "acc": 0.5432}, "11": {"train_loss": 2.0834, "test_loss": 2.2753, "run_time": 12.35644006729126, "acc": 0.5436}, "12": {"train_loss": 2.066, "test_loss": 2.2702, "run_time": 12.400821924209595, "acc": 0.5441}, "13": {"train_loss": 2.0498, "test_loss": 2.2658, "run_time": 12.37584900856018, "acc": 0.5438}, "14": {"train_loss": 2.0346, "test_loss": 2.2619, "run_time": 12.530750036239624, "acc": 0.5443}, "15": {"train_loss": 2.0204, "test_loss": 2.2586, "run_time": 12.342808723449707, "acc": 0.545}, "16": {"train_loss": 2.0071, "test_loss": 2.2557, "run_time": 12.455290079116821, "acc": 0.545}, "17": {"train_loss": 1.9946, "test_loss": 2.2531, "run_time": 12.7085599899292, "acc": 0.5448}, "18": {"train_loss": 1.9828, "test_loss": 2.2509, "run_time": 12.350906133651733, "acc": 0.5447}, "19": {"train_loss": 1.9716, "test_loss": 2.2489, "run_time": 12.396729230880737, "acc": 0.5449}, "20": {"train_loss": 1.9611, "test_loss": 2.2472, "run_time": 12.52690601348877, "acc": 0.545}, "21": {"train_loss": 1.9511, "test_loss": 2.2458, "run_time": 12.40239691734314, "acc": 0.5451}, "22": {"train_loss": 1.9417, "test_loss": 2.2445, "run_time": 12.452952861785889, "acc": 0.5449}, "23": {"train_loss": 1.9327, "test_loss": 2.2434, "run_time": 12.285873889923096, "acc": 0.5452}, "24": {"train_loss": 1.9242, "test_loss": 2.2424, "run_time": 12.47264814376831, "acc": 0.5452}, "25": {"train_loss": 1.9161, "test_loss": 2.2416, "run_time": 12.362658977508545, "acc": 0.5458}, "26": {"train_loss": 1.9083, "test_loss": 2.241, "run_time": 12.570813179016113, "acc": 0.5458}, "27": {"train_loss": 1.901, "test_loss": 2.2404, "run_time": 12.28269076347351, "acc": 0.5459}, "28": {"train_loss": 1.8939, "test_loss": 2.24, "run_time": 12.242570877075195, "acc": 0.5458}, "29": {"train_loss": 1.8872, "test_loss": 2.2396, "run_time": 12.459128856658936, "acc": 0.546}}