{"0": {"train_loss": 2.6883, "test_loss": 2.7363, "run_time": 11.569588899612427, "acc": 0.4686}, "1": {"train_loss": 2.6269, "test_loss": 2.6801, "run_time": 12.355544090270996, "acc": 0.481}, "2": {"train_loss": 2.5884, "test_loss": 2.6426, "run_time": 12.579177141189575, "acc": 0.491}, "3": {"train_loss": 2.5593, "test_loss": 2.6138, "run_time": 12.311153888702393, "acc": 0.4995}, "4": {"train_loss": 2.5355, "test_loss": 2.5902, "run_time": 12.448673009872437, "acc": 0.5043}, "5": {"train_loss": 2.5153, "test_loss": 2.5703, "run_time": 12.365912199020386, "acc": 0.5077}, "6": {"train_loss": 2.4975, "test_loss": 2.553, "run_time": 12.395219326019287, "acc": 0.5106}, "7": {"train_loss": 2.4815, "test_loss": 2.5377, "run_time": 12.586155652999878, "acc": 0.5132}, "8": {"train_loss": 2.467, "test_loss": 2.5241, "run_time": 12.311629056930542, "acc": 0.5162}, "9": {"train_loss": 2.4536, "test_loss": 2.5117, "run_time": 12.492816925048828, "acc": 0.5186}, "10": {"train_loss": 2.4412, "test_loss": 2.5005, "run_time": 12.428563117980957, "acc": 0.5202}, "11": {"train_loss": 2.4296, "test_loss": 2.4902, "run_time": 12.518624305725098, "acc": 0.5218}, "12": {"train_loss": 2.4187, "test_loss": 2.4807, "run_time": 12.401276111602783, "acc": 0.5225}, "13": {"train_loss": 2.4083, "test_loss": 2.4719, "run_time": 12.368837118148804, "acc": 0.5241}, "14": {"train_loss": 2.3986, "test_loss": 2.4638, "run_time": 12.177518129348755, "acc": 0.5253}, "15": {"train_loss": 2.3892, "test_loss": 2.4561, "run_time": 12.253264904022217, "acc": 0.5269}, "16": {"train_loss": 2.3804, "test_loss": 2.4489, "run_time": 12.504374980926514, "acc": 0.5272}, "17": {"train_loss": 2.3719, "test_loss": 2.4421, "run_time": 12.385673999786377, "acc": 0.5279}, "18": {"train_loss": 2.3638, "test_loss": 2.4358, "run_time": 12.266715288162231, "acc": 0.5289}, "19": {"train_loss": 2.356, "test_loss": 2.4297, "run_time": 12.305285930633545, "acc": 0.5293}, "20": {"train_loss": 2.3485, "test_loss": 2.424, "run_time": 12.282777070999146, "acc": 0.5298}, "21": {"train_loss": 2.3413, "test_loss": 2.4185, "run_time": 12.561481952667236, "acc": 0.5312}, "22": {"train_loss": 2.3343, "test_loss": 2.4134, "run_time": 12.320803880691528, "acc": 0.5322}, "23": {"train_loss": 2.3276, "test_loss": 2.4084, "run_time": 12.416985988616943, "acc": 0.532}, "24": {"train_loss": 2.3211, "test_loss": 2.4037, "run_time": 12.703816413879395, "acc": 0.5328}, "25": {"train_loss": 2.3148, "test_loss": 2.3992, "run_time": 12.482906818389893, "acc": 0.5336}, "26": {"train_loss": 2.3088, "test_loss": 2.3949, "run_time": 12.821785688400269, "acc": 0.5351}, "27": {"train_loss": 2.3029, "test_loss": 2.3907, "run_time": 12.413348913192749, "acc": 0.5356}, "28": {"train_loss": 2.2972, "test_loss": 2.3867, "run_time": 12.486727952957153, "acc": 0.5368}, "29": {"train_loss": 2.2916, "test_loss": 2.3829, "run_time": 12.236268997192383, "acc": 0.5377}}