{"0": {"train_loss": 1.438, "test_loss": 1.4268, "run_time": 11.961907863616943, "acc": 0.4678}, "1": {"train_loss": 1.3873, "test_loss": 1.388, "run_time": 12.154958248138428, "acc": 0.4726}, "2": {"train_loss": 1.3539, "test_loss": 1.3661, "run_time": 11.87346887588501, "acc": 0.4766}, "3": {"train_loss": 1.3283, "test_loss": 1.3513, "run_time": 11.820889234542847, "acc": 0.4772}, "4": {"train_loss": 1.3072, "test_loss": 1.3405, "run_time": 11.9535391330719, "acc": 0.4787}, "5": {"train_loss": 1.2889, "test_loss": 1.332, "run_time": 12.220981121063232, "acc": 0.4794}, "6": {"train_loss": 1.2727, "test_loss": 1.3252, "run_time": 11.781498908996582, "acc": 0.4807}, "7": {"train_loss": 1.2581, "test_loss": 1.3196, "run_time": 11.822554111480713, "acc": 0.4818}, "8": {"train_loss": 1.2447, "test_loss": 1.3149, "run_time": 11.964456796646118, "acc": 0.4821}, "9": {"train_loss": 1.2323, "test_loss": 1.3108, "run_time": 11.864598035812378, "acc": 0.4813}, "10": {"train_loss": 1.2207, "test_loss": 1.3073, "run_time": 11.628656148910522, "acc": 0.4808}, "11": {"train_loss": 1.21, "test_loss": 1.3042, "run_time": 11.358177900314331, "acc": 0.4811}, "12": {"train_loss": 1.1999, "test_loss": 1.3015, "run_time": 12.19377088546753, "acc": 0.4813}, "13": {"train_loss": 1.1905, "test_loss": 1.299, "run_time": 11.528892040252686, "acc": 0.4814}, "14": {"train_loss": 1.1816, "test_loss": 1.2969, "run_time": 11.461600065231323, "acc": 0.4817}, "15": {"train_loss": 1.1732, "test_loss": 1.2949, "run_time": 11.673406839370728, "acc": 0.4818}, "16": {"train_loss": 1.1652, "test_loss": 1.2931, "run_time": 11.786306142807007, "acc": 0.4822}, "17": {"train_loss": 1.1577, "test_loss": 1.2915, "run_time": 11.187177896499634, "acc": 0.4828}, "18": {"train_loss": 1.1507, "test_loss": 1.2901, "run_time": 11.409942865371704, "acc": 0.4832}, "19": {"train_loss": 1.1439, "test_loss": 1.2887, "run_time": 11.444710969924927, "acc": 0.4831}, "20": {"train_loss": 1.1375, "test_loss": 1.2875, "run_time": 11.30121397972107, "acc": 0.4826}, "21": {"train_loss": 1.1315, "test_loss": 1.2864, "run_time": 11.416934967041016, "acc": 0.4831}, "22": {"train_loss": 1.1257, "test_loss": 1.2853, "run_time": 11.493510961532593, "acc": 0.483}, "23": {"train_loss": 1.1202, "test_loss": 1.2844, "run_time": 11.443873882293701, "acc": 0.4832}, "24": {"train_loss": 1.115, "test_loss": 1.2835, "run_time": 11.44870400428772, "acc": 0.4834}, "25": {"train_loss": 1.11, "test_loss": 1.2827, "run_time": 11.224574089050293, "acc": 0.4829}, "26": {"train_loss": 1.1053, "test_loss": 1.2819, "run_time": 11.704878807067871, "acc": 0.4834}, "27": {"train_loss": 1.1007, "test_loss": 1.2812, "run_time": 11.382640838623047, "acc": 0.4837}, "28": {"train_loss": 1.0964, "test_loss": 1.2806, "run_time": 11.319415092468262, "acc": 0.4837}, "29": {"train_loss": 1.0922, "test_loss": 1.2799, "run_time": 11.422332048416138, "acc": 0.4834}}