{"0": {"train_loss": 1.4456, "test_loss": 1.3383, "run_time": 11.939002990722656, "acc": 0.4613}, "1": {"train_loss": 1.3475, "test_loss": 1.3175, "run_time": 11.826927900314331, "acc": 0.4669}, "2": {"train_loss": 1.2879, "test_loss": 1.3092, "run_time": 11.85334300994873, "acc": 0.4696}, "3": {"train_loss": 1.2476, "test_loss": 1.3052, "run_time": 11.770666122436523, "acc": 0.4708}, "4": {"train_loss": 1.2181, "test_loss": 1.3032, "run_time": 11.718567371368408, "acc": 0.4716}, "5": {"train_loss": 1.1953, "test_loss": 1.3024, "run_time": 11.881999969482422, "acc": 0.4726}, "6": {"train_loss": 1.1772, "test_loss": 1.3023, "run_time": 11.982517004013062, "acc": 0.4724}, "7": {"train_loss": 1.1623, "test_loss": 1.3025, "run_time": 11.801793098449707, "acc": 0.4729}, "8": {"train_loss": 1.15, "test_loss": 1.3031, "run_time": 12.053499221801758, "acc": 0.4723}, "9": {"train_loss": 1.1397, "test_loss": 1.3039, "run_time": 11.745331048965454, "acc": 0.473}, "10": {"train_loss": 1.1309, "test_loss": 1.3048, "run_time": 12.423169136047363, "acc": 0.4728}, "11": {"train_loss": 1.1234, "test_loss": 1.3058, "run_time": 12.072718143463135, "acc": 0.4729}, "12": {"train_loss": 1.117, "test_loss": 1.3069, "run_time": 11.775988101959229, "acc": 0.4732}, "13": {"train_loss": 1.1114, "test_loss": 1.3081, "run_time": 11.940014123916626, "acc": 0.4738}, "14": {"train_loss": 1.1065, "test_loss": 1.3093, "run_time": 12.104042053222656, "acc": 0.474}, "15": {"train_loss": 1.1023, "test_loss": 1.3105, "run_time": 12.121750831604004, "acc": 0.4745}, "16": {"train_loss": 1.0985, "test_loss": 1.3118, "run_time": 12.182754039764404, "acc": 0.4744}, "17": {"train_loss": 1.0952, "test_loss": 1.3131, "run_time": 12.207818031311035, "acc": 0.474}, "18": {"train_loss": 1.0923, "test_loss": 1.3143, "run_time": 11.869473934173584, "acc": 0.4741}, "19": {"train_loss": 1.0897, "test_loss": 1.3156, "run_time": 12.117589950561523, "acc": 0.4745}, "20": {"train_loss": 1.0873, "test_loss": 1.3169, "run_time": 11.657671928405762, "acc": 0.4747}, "21": {"train_loss": 1.0852, "test_loss": 1.3182, "run_time": 11.392043828964233, "acc": 0.4748}, "22": {"train_loss": 1.0833, "test_loss": 1.3195, "run_time": 11.418734073638916, "acc": 0.4747}, "23": {"train_loss": 1.0816, "test_loss": 1.3207, "run_time": 12.674813985824585, "acc": 0.4743}, "24": {"train_loss": 1.08, "test_loss": 1.322, "run_time": 11.3200523853302, "acc": 0.4745}, "25": {"train_loss": 1.0786, "test_loss": 1.3232, "run_time": 11.438669204711914, "acc": 0.4744}, "26": {"train_loss": 1.0773, "test_loss": 1.3245, "run_time": 11.335302829742432, "acc": 0.4744}, "27": {"train_loss": 1.0761, "test_loss": 1.3257, "run_time": 11.357134819030762, "acc": 0.4746}, "28": {"train_loss": 1.075, "test_loss": 1.3269, "run_time": 11.574960231781006, "acc": 0.4744}, "29": {"train_loss": 1.074, "test_loss": 1.3281, "run_time": 11.527485847473145, "acc": 0.4743}}