{"0": {"train_loss": 1.3675, "test_loss": 1.3396, "run_time": 11.711137056350708, "acc": 0.5011}, "1": {"train_loss": 1.2924, "test_loss": 1.2949, "run_time": 12.41783881187439, "acc": 0.5149}, "2": {"train_loss": 1.2472, "test_loss": 1.2713, "run_time": 12.538446187973022, "acc": 0.5219}, "3": {"train_loss": 1.2142, "test_loss": 1.2563, "run_time": 12.376718759536743, "acc": 0.5267}, "4": {"train_loss": 1.1875, "test_loss": 1.2459, "run_time": 12.298429012298584, "acc": 0.5302}, "5": {"train_loss": 1.1647, "test_loss": 1.2383, "run_time": 12.256337881088257, "acc": 0.5321}, "6": {"train_loss": 1.1446, "test_loss": 1.2325, "run_time": 12.289338827133179, "acc": 0.5336}, "7": {"train_loss": 1.1266, "test_loss": 1.228, "run_time": 12.46841287612915, "acc": 0.5351}, "8": {"train_loss": 1.1105, "test_loss": 1.2245, "run_time": 12.354975938796997, "acc": 0.536}, "9": {"train_loss": 1.0958, "test_loss": 1.2217, "run_time": 12.291695833206177, "acc": 0.5367}, "10": {"train_loss": 1.0825, "test_loss": 1.2196, "run_time": 12.375399112701416, "acc": 0.5369}, "11": {"train_loss": 1.0703, "test_loss": 1.2179, "run_time": 12.310086965560913, "acc": 0.537}, "12": {"train_loss": 1.0592, "test_loss": 1.2166, "run_time": 12.458516120910645, "acc": 0.5377}, "13": {"train_loss": 1.0489, "test_loss": 1.2156, "run_time": 12.430567979812622, "acc": 0.5378}, "14": {"train_loss": 1.0395, "test_loss": 1.2149, "run_time": 12.406349182128906, "acc": 0.5375}, "15": {"train_loss": 1.0308, "test_loss": 1.2144, "run_time": 12.232837915420532, "acc": 0.5376}, "16": {"train_loss": 1.0227, "test_loss": 1.2141, "run_time": 12.432345151901245, "acc": 0.538}, "17": {"train_loss": 1.0153, "test_loss": 1.214, "run_time": 12.516397714614868, "acc": 0.5389}, "18": {"train_loss": 1.0083, "test_loss": 1.214, "run_time": 12.351416110992432, "acc": 0.5394}, "19": {"train_loss": 1.0018, "test_loss": 1.2142, "run_time": 12.584981918334961, "acc": 0.5398}, "20": {"train_loss": 0.9957, "test_loss": 1.2144, "run_time": 12.600373029708862, "acc": 0.5397}, "21": {"train_loss": 0.99, "test_loss": 1.2148, "run_time": 12.335633039474487, "acc": 0.5401}, "22": {"train_loss": 0.9847, "test_loss": 1.2152, "run_time": 12.42416000366211, "acc": 0.5397}, "23": {"train_loss": 0.9797, "test_loss": 1.2157, "run_time": 12.378349781036377, "acc": 0.5401}, "24": {"train_loss": 0.9749, "test_loss": 1.2163, "run_time": 12.428229093551636, "acc": 0.5405}, "25": {"train_loss": 0.9705, "test_loss": 1.217, "run_time": 12.44981575012207, "acc": 0.5403}, "26": {"train_loss": 0.9663, "test_loss": 1.2177, "run_time": 12.379459142684937, "acc": 0.5401}, "27": {"train_loss": 0.9623, "test_loss": 1.2184, "run_time": 12.823199033737183, "acc": 0.5404}, "28": {"train_loss": 0.9585, "test_loss": 1.2192, "run_time": 12.416632890701294, "acc": 0.5402}, "29": {"train_loss": 0.9549, "test_loss": 1.22, "run_time": 12.546980857849121, "acc": 0.54}}