{"train_loss": [0.8079, 0.4828, 0.3879], "eval_loss": [0.5710017930764657, 0.4112913448411923, 0.3894126677232516], "eval_accuracy": [0.7753505385084333, 0.837939443202601, 0.8508433245275351]}